{"cameraMode":{"drawMode":0,"name":"Shaded","section":"Shading Mode"},"sceneLighting":true,"audioPlay":false,"sceneViewState":{"m_AlwaysRefresh":false,"showFog":true,"showSkybox":true,"showFlares":true,"showImageEffects":true,"showParticleSystems":true,"showVisualEffectGraphs":true,"m_FxEnabled":true},"in2DMode":false,"pivot":{"x":6.180843830108643,"y":-0.8127248883247376,"z":15.245100021362305},"rotation":{"x":-0.07535915076732636,"y":0.4446886479854584,"z":-0.03758058696985245,"w":-0.8917184472084045},"size":2.6081652641296388,"orthographic":false}