{"cameraMode":{"drawMode":0,"name":"Shaded","section":"Shading Mode"},"sceneLighting":true,"audioPlay":false,"sceneViewState":{"m_AlwaysRefresh":false,"showFog":true,"showSkybox":true,"showFlares":true,"showImageEffects":true,"showParticleSystems":true,"showVisualEffectGraphs":true,"m_FxEnabled":true},"in2DMode":false,"pivot":{"x":5.955657005310059,"y":-1.1955783367156983,"z":14.769386291503907},"rotation":{"x":-0.10583195835351944,"y":0.48767322301864626,"z":-0.05969884991645813,"w":-0.8645296096801758},"size":2.6081652641296388,"orthographic":false}